Date as of,First week,Last week,State,County name,FIPS County Code,Deaths involving COVID-19,Deaths from All Causes
09/16/2020,02/01/2020,09/12/2020,AL,Autauga County,1001,24,315
09/16/2020,02/01/2020,09/12/2020,AL,Baldwin County,1003,63,1360
09/16/2020,02/01/2020,09/12/2020,AL,Butler County,1013,24,144
09/16/2020,02/01/2020,09/12/2020,AL,Calhoun County,1015,59,978
09/16/2020,02/01/2020,09/12/2020,AL,Clay County,1027,14,105
09/16/2020,02/01/2020,09/12/2020,AL,Colbert County,1033,28,389
09/16/2020,02/01/2020,09/12/2020,AL,Covington County,1039,54,362
09/16/2020,02/01/2020,09/12/2020,AL,Crenshaw County,1041,24,135
09/16/2020,02/01/2020,09/12/2020,AL,Cullman County,1043,23,629
09/16/2020,02/01/2020,09/12/2020,AL,Dale County,1045,48,317
09/16/2020,02/01/2020,09/12/2020,AL,Dallas County,1047,38,314
09/16/2020,02/01/2020,09/12/2020,AL,DeKalb County,1049,14,428
09/16/2020,02/01/2020,09/12/2020,AL,Elmore County,1051,30,436
09/16/2020,02/01/2020,09/12/2020,AL,Escambia County,1053,18,237
09/16/2020,02/01/2020,09/12/2020,AL,Etowah County,1055,100,1048
09/16/2020,02/01/2020,09/12/2020,AL,Franklin County,1059,12,190
09/16/2020,02/01/2020,09/12/2020,AL,Houston County,1069,175,1278
09/16/2020,02/01/2020,09/12/2020,AL,Jefferson County,1073,503,6210
09/16/2020,02/01/2020,09/12/2020,AL,Lauderdale County,1077,46,889
09/16/2020,02/01/2020,09/12/2020,AL,Lee County,1081,122,821
09/16/2020,02/01/2020,09/12/2020,AL,Limestone County,1083,29,491
09/16/2020,02/01/2020,09/12/2020,AL,Madison County,1089,116,2545
09/16/2020,02/01/2020,09/12/2020,AL,Marengo County,1091,15,158
09/16/2020,02/01/2020,09/12/2020,AL,Marion County,1093,22,249
09/16/2020,02/01/2020,09/12/2020,AL,Marshall County,1095,43,738
09/16/2020,02/01/2020,09/12/2020,AL,Mobile County,1097,352,3355
09/16/2020,02/01/2020,09/12/2020,AL,Montgomery County,1101,301,2037
09/16/2020,02/01/2020,09/12/2020,AL,Morgan County,1103,42,841
09/16/2020,02/01/2020,09/12/2020,AL,Pike County,1109,14,185
09/16/2020,02/01/2020,09/12/2020,AL,St. Clair County,1115,26,511
09/16/2020,02/01/2020,09/12/2020,AL,Shelby County,1117,62,914
09/16/2020,02/01/2020,09/12/2020,AL,Talladega County,1121,23,529
09/16/2020,02/01/2020,09/12/2020,AL,Tallapoosa County,1123,66,353
09/16/2020,02/01/2020,09/12/2020,AL,Tuscaloosa County,1125,173,1485
09/16/2020,02/01/2020,09/12/2020,AL,Walker County,1127,58,636
09/16/2020,02/01/2020,09/12/2020,AL,Washington County,1129,10,86
09/16/2020,02/01/2020,09/12/2020,AL,Winston County,1133,10,174
09/16/2020,02/01/2020,09/12/2020,AK,Anchorage Borough,2020,25,1233
09/16/2020,02/01/2020,09/12/2020,AZ,Apache County,4001,42,323
09/16/2020,02/01/2020,09/12/2020,AZ,Cochise County,4003,29,690
09/16/2020,02/01/2020,09/12/2020,AZ,Coconino County,4005,124,804
09/16/2020,02/01/2020,09/12/2020,AZ,Gila County,4007,26,472
09/16/2020,02/01/2020,09/12/2020,AZ,Graham County,4009,21,208
09/16/2020,02/01/2020,09/12/2020,AZ,Maricopa County,4013,3176,27472
09/16/2020,02/01/2020,09/12/2020,AZ,Mohave County,4015,182,2302
09/16/2020,02/01/2020,09/12/2020,AZ,Navajo County,4017,57,678
09/16/2020,02/01/2020,09/12/2020,AZ,Pima County,4019,699,7995
09/16/2020,02/01/2020,09/12/2020,AZ,Pinal County,4021,76,1737
09/16/2020,02/01/2020,09/12/2020,AZ,Yavapai County,4025,72,2024
09/16/2020,02/01/2020,09/12/2020,AZ,Yuma County,4027,299,1455
09/16/2020,02/01/2020,09/12/2020,AR,Benton County,5007,90,1185
09/16/2020,02/01/2020,09/12/2020,AR,Chicot County,5017,10,68
09/16/2020,02/01/2020,09/12/2020,AR,Columbia County,5027,14,171
09/16/2020,02/01/2020,09/12/2020,AR,Craighead County,5031,79,1282
09/16/2020,02/01/2020,09/12/2020,AR,Crittenden County,5035,15,223
09/16/2020,02/01/2020,09/12/2020,AR,Faulkner County,5045,17,647
09/16/2020,02/01/2020,09/12/2020,AR,Garland County,5051,68,1136
09/16/2020,02/01/2020,09/12/2020,AR,Howard County,5061,10,102
09/16/2020,02/01/2020,09/12/2020,AR,Independence County,5063,13,308
09/16/2020,02/01/2020,09/12/2020,AR,Jefferson County,5069,69,615
09/16/2020,02/01/2020,09/12/2020,AR,Little River County,5081,21,109
09/16/2020,02/01/2020,09/12/2020,AR,Mississippi County,5093,17,239
09/16/2020,02/01/2020,09/12/2020,AR,Newton County,5101,13,69
09/16/2020,02/01/2020,09/12/2020,AR,Pope County,5115,18,418
09/16/2020,02/01/2020,09/12/2020,AR,Pulaski County,5119,198,4044
09/16/2020,02/01/2020,09/12/2020,AR,Randolph County,5121,10,105
09/16/2020,02/01/2020,09/12/2020,AR,Saline County,5125,12,566
09/16/2020,02/01/2020,09/12/2020,AR,Sebastian County,5131,58,1395
09/16/2020,02/01/2020,09/12/2020,AR,Union County,5139,25,334
09/16/2020,02/01/2020,09/12/2020,AR,Washington County,5143,106,1489
09/16/2020,02/01/2020,09/12/2020,AR,White County,5145,17,566
09/16/2020,02/01/2020,09/12/2020,CA,Alameda County,6001,326,6778
09/16/2020,02/01/2020,09/12/2020,CA,Amador County,6005,25,278
09/16/2020,02/01/2020,09/12/2020,CA,Butte County,6007,32,1358
09/16/2020,02/01/2020,09/12/2020,CA,Contra Costa County,6013,170,5050
09/16/2020,02/01/2020,09/12/2020,CA,Fresno County,6019,331,5107
09/16/2020,02/01/2020,09/12/2020,CA,Imperial County,6025,167,782
09/16/2020,02/01/2020,09/12/2020,CA,Inyo County,6027,13,125
09/16/2020,02/01/2020,09/12/2020,CA,Kern County,6029,342,4254
09/16/2020,02/01/2020,09/12/2020,CA,Kings County,6031,107,644
09/16/2020,02/01/2020,09/12/2020,CA,Los Angeles County,6037,5340,46984
09/16/2020,02/01/2020,09/12/2020,CA,Madera County,6039,70,652
09/16/2020,02/01/2020,09/12/2020,CA,Marin County,6041,72,1269
09/16/2020,02/01/2020,09/12/2020,CA,Mendocino County,6045,14,517
09/16/2020,02/01/2020,09/12/2020,CA,Merced County,6047,68,1004
09/16/2020,02/01/2020,09/12/2020,CA,Monterey County,6053,55,1723
09/16/2020,02/01/2020,09/12/2020,CA,Napa County,6055,18,790
09/16/2020,02/01/2020,09/12/2020,CA,Orange County,6059,1143,14010
09/16/2020,02/01/2020,09/12/2020,CA,Placer County,6061,68,2466
09/16/2020,02/01/2020,09/12/2020,CA,Riverside County,6065,1175,12151
09/16/2020,02/01/2020,09/12/2020,CA,Sacramento County,6067,315,7992
09/16/2020,02/01/2020,09/12/2020,CA,San Bernardino County,6071,976,10561
09/16/2020,02/01/2020,09/12/2020,CA,San Diego County,6073,878,15049
09/16/2020,02/01/2020,09/12/2020,CA,San Francisco County,6075,98,3938
09/16/2020,02/01/2020,09/12/2020,CA,San Joaquin County,6077,364,3798
09/16/2020,02/01/2020,09/12/2020,CA,San Luis Obispo County,6079,22,1439
09/16/2020,02/01/2020,09/12/2020,CA,San Mateo County,6081,148,2982
09/16/2020,02/01/2020,09/12/2020,CA,Santa Barbara County,6083,105,2112
09/16/2020,02/01/2020,09/12/2020,CA,Santa Clara County,6085,263,7142
09/16/2020,02/01/2020,09/12/2020,CA,Santa Cruz County,6087,12,1020
09/16/2020,02/01/2020,09/12/2020,CA,Shasta County,6089,11,1512
09/16/2020,02/01/2020,09/12/2020,CA,Solano County,6095,73,2168
09/16/2020,02/01/2020,09/12/2020,CA,Sonoma County,6097,94,2756
09/16/2020,02/01/2020,09/12/2020,CA,Stanislaus County,6099,375,3532
09/16/2020,02/01/2020,09/12/2020,CA,Tulare County,6107,245,2131
09/16/2020,02/01/2020,09/12/2020,CA,Ventura County,6111,138,3686
09/16/2020,02/01/2020,09/12/2020,CA,Yolo County,6113,38,748
09/16/2020,02/01/2020,09/12/2020,CA,Yuba County,6115,13,497
09/16/2020,02/01/2020,09/12/2020,CO,Adams County,8001,267,2459
09/16/2020,02/01/2020,09/12/2020,CO,Arapahoe County,8005,400,3139
09/16/2020,02/01/2020,09/12/2020,CO,Boulder County,8013,84,1540
09/16/2020,02/01/2020,09/12/2020,CO,Broomfield County,8014,22,218
09/16/2020,02/01/2020,09/12/2020,CO,Chaffee County,8015,17,123
09/16/2020,02/01/2020,09/12/2020,CO,Denver County,8031,315,3573
09/16/2020,02/01/2020,09/12/2020,CO,Douglas County,8035,64,1089
09/16/2020,02/01/2020,09/12/2020,CO,El Paso County,8041,163,3414
09/16/2020,02/01/2020,09/12/2020,CO,Jefferson County,8059,236,3247
09/16/2020,02/01/2020,09/12/2020,CO,Larimer County,8069,60,1685
09/16/2020,02/01/2020,09/12/2020,CO,Mesa County,8077,17,1173
09/16/2020,02/01/2020,09/12/2020,CO,Montrose County,8085,14,267
09/16/2020,02/01/2020,09/12/2020,CO,Morgan County,8087,40,175
09/16/2020,02/01/2020,09/12/2020,CO,Pueblo County,8101,31,1344
09/16/2020,02/01/2020,09/12/2020,CO,Weld County,8123,119,1107
09/16/2020,02/01/2020,09/12/2020,CT,Fairfield County,9001,1433,5154
09/16/2020,02/01/2020,09/12/2020,CT,Hartford County,9003,1407,6058
09/16/2020,02/01/2020,09/12/2020,CT,Litchfield County,9005,131,922
09/16/2020,02/01/2020,09/12/2020,CT,Middlesex County,9007,178,928
09/16/2020,02/01/2020,09/12/2020,CT,New Haven County,9009,1094,5698
09/16/2020,02/01/2020,09/12/2020,CT,New London County,9011,102,1324
09/16/2020,02/01/2020,09/12/2020,CT,Tolland County,9013,46,442
09/16/2020,02/01/2020,09/12/2020,CT,Windham County,9015,12,512
09/16/2020,02/01/2020,09/12/2020,DE,Kent County,10001,107,1220
09/16/2020,02/01/2020,09/12/2020,DE,New Castle County,10003,268,3365
09/16/2020,02/01/2020,09/12/2020,DE,Sussex County,10005,182,1728
09/16/2020,02/01/2020,09/12/2020,DC,District of Columbia,11001,741,4564
09/16/2020,02/01/2020,09/12/2020,FL,Alachua County,12001,147,2403
09/16/2020,02/01/2020,09/12/2020,FL,Bay County,12005,103,1298
09/16/2020,02/01/2020,09/12/2020,FL,Brevard County,12009,267,4994
09/16/2020,02/01/2020,09/12/2020,FL,Broward County,12011,1471,11326
09/16/2020,02/01/2020,09/12/2020,FL,Charlotte County,12015,124,2009
09/16/2020,02/01/2020,09/12/2020,FL,Citrus County,12017,54,1792
09/16/2020,02/01/2020,09/12/2020,FL,Clay County,12019,87,1493
09/16/2020,02/01/2020,09/12/2020,FL,Collier County,12021,212,2525
09/16/2020,02/01/2020,09/12/2020,FL,Columbia County,12023,62,681
09/16/2020,02/01/2020,09/12/2020,FL,Duval County,12031,473,6872
09/16/2020,02/01/2020,09/12/2020,FL,Escambia County,12033,274,3217
09/16/2020,02/01/2020,09/12/2020,FL,Flagler County,12035,25,955
09/16/2020,02/01/2020,09/12/2020,FL,Hendry County,12051,15,129
09/16/2020,02/01/2020,09/12/2020,FL,Hernando County,12053,103,1953
09/16/2020,02/01/2020,09/12/2020,FL,Highlands County,12055,81,1209
09/16/2020,02/01/2020,09/12/2020,FL,Hillsborough County,12057,683,8368
09/16/2020,02/01/2020,09/12/2020,FL,Indian River County,12061,77,1478
09/16/2020,02/01/2020,09/12/2020,FL,Jackson County,12063,45,377
09/16/2020,02/01/2020,09/12/2020,FL,Lake County,12069,161,2785
09/16/2020,02/01/2020,09/12/2020,FL,Lee County,12071,410,5193
09/16/2020,02/01/2020,09/12/2020,FL,Leon County,12073,158,1976
09/16/2020,02/01/2020,09/12/2020,FL,Manatee County,12081,310,3066
09/16/2020,02/01/2020,09/12/2020,FL,Marion County,12083,191,3522
09/16/2020,02/01/2020,09/12/2020,FL,Martin County,12085,194,1434
09/16/2020,02/01/2020,09/12/2020,FL,Miami-Dade County,12086,2695,16070
09/16/2020,02/01/2020,09/12/2020,FL,Monroe County,12087,13,350
09/16/2020,02/01/2020,09/12/2020,FL,Nassau County,12089,11,444
09/16/2020,02/01/2020,09/12/2020,FL,Okaloosa County,12091,104,1305
09/16/2020,02/01/2020,09/12/2020,FL,Okeechobee County,12093,20,287
09/16/2020,02/01/2020,09/12/2020,FL,Orange County,12095,539,6804
09/16/2020,02/01/2020,09/12/2020,FL,Osceola County,12097,174,1728
09/16/2020,02/01/2020,09/12/2020,FL,Palm Beach County,12099,1053,11212
09/16/2020,02/01/2020,09/12/2020,FL,Pasco County,12101,159,4183
09/16/2020,02/01/2020,09/12/2020,FL,Pinellas County,12103,664,8623
09/16/2020,02/01/2020,09/12/2020,FL,Polk County,12105,443,4973
09/16/2020,02/01/2020,09/12/2020,FL,Putnam County,12107,21,535
09/16/2020,02/01/2020,09/12/2020,FL,St. Johns County,12109,29,1108
09/16/2020,02/01/2020,09/12/2020,FL,St. Lucie County,12111,165,2337
09/16/2020,02/01/2020,09/12/2020,FL,Santa Rosa County,12113,34,777
09/16/2020,02/01/2020,09/12/2020,FL,Sarasota County,12115,249,4077
09/16/2020,02/01/2020,09/12/2020,FL,Seminole County,12117,137,2285
09/16/2020,02/01/2020,09/12/2020,FL,Sumter County,12119,63,1561
09/16/2020,02/01/2020,09/12/2020,FL,Suwannee County,12121,18,235
09/16/2020,02/01/2020,09/12/2020,FL,Volusia County,12127,240,5049
09/16/2020,02/01/2020,09/12/2020,FL,Walton County,12131,26,417
09/16/2020,02/01/2020,09/12/2020,FL,Washington County,12133,20,188
09/16/2020,02/01/2020,09/12/2020,GA,Appling County,13001,14,103
09/16/2020,02/01/2020,09/12/2020,GA,Bacon County,13005,11,102
09/16/2020,02/01/2020,09/12/2020,GA,Baldwin County,13009,55,321
09/16/2020,02/01/2020,09/12/2020,GA,Barrow County,13013,19,274
09/16/2020,02/01/2020,09/12/2020,GA,Bartow County,13015,52,648
09/16/2020,02/01/2020,09/12/2020,GA,Ben Hill County,13017,16,122
09/16/2020,02/01/2020,09/12/2020,GA,Bibb County,13021,192,1832
09/16/2020,02/01/2020,09/12/2020,GA,Bleckley County,13023,11,64
09/16/2020,02/01/2020,09/12/2020,GA,Bulloch County,13031,29,428
09/16/2020,02/01/2020,09/12/2020,GA,Butts County,13035,20,157
09/16/2020,02/01/2020,09/12/2020,GA,Candler County,13043,12,82
09/16/2020,02/01/2020,09/12/2020,GA,Carroll County,13045,60,771
09/16/2020,02/01/2020,09/12/2020,GA,Chatham County,13051,166,2317
09/16/2020,02/01/2020,09/12/2020,GA,Cherokee County,13057,43,836
09/16/2020,02/01/2020,09/12/2020,GA,Clarke County,13059,94,1012
09/16/2020,02/01/2020,09/12/2020,GA,Clayton County,13063,51,855
09/16/2020,02/01/2020,09/12/2020,GA,Cobb County,13067,373,3580
09/16/2020,02/01/2020,09/12/2020,GA,Coffee County,13069,36,265
09/16/2020,02/01/2020,09/12/2020,GA,Colquitt County,13071,37,370
09/16/2020,02/01/2020,09/12/2020,GA,Columbia County,13073,13,399
09/16/2020,02/01/2020,09/12/2020,GA,Coweta County,13077,29,627
09/16/2020,02/01/2020,09/12/2020,GA,Crisp County,13081,20,210
09/16/2020,02/01/2020,09/12/2020,GA,Decatur County,13087,10,184
09/16/2020,02/01/2020,09/12/2020,GA,DeKalb County,13089,231,3141
09/16/2020,02/01/2020,09/12/2020,GA,Dougherty County,13095,190,963
09/16/2020,02/01/2020,09/12/2020,GA,Douglas County,13097,35,502
09/16/2020,02/01/2020,09/12/2020,GA,Early County,13099,14,92
09/16/2020,02/01/2020,09/12/2020,GA,Emanuel County,13107,23,160
09/16/2020,02/01/2020,09/12/2020,GA,Fayette County,13113,79,718
09/16/2020,02/01/2020,09/12/2020,GA,Floyd County,13115,67,1048
09/16/2020,02/01/2020,09/12/2020,GA,Forsyth County,13117,50,988
09/16/2020,02/01/2020,09/12/2020,GA,Fulton County,13121,586,5874
09/16/2020,02/01/2020,09/12/2020,GA,Glynn County,13127,78,755
09/16/2020,02/01/2020,09/12/2020,GA,Gordon County,13129,23,331
09/16/2020,02/01/2020,09/12/2020,GA,Grady County,13131,12,124
09/16/2020,02/01/2020,09/12/2020,GA,Gwinnett County,13135,263,2680
09/16/2020,02/01/2020,09/12/2020,GA,Habersham County,13137,29,258
09/16/2020,02/01/2020,09/12/2020,GA,Hall County,13139,184,1757
09/16/2020,02/01/2020,09/12/2020,GA,Henry County,13151,89,1211
09/16/2020,02/01/2020,09/12/2020,GA,Houston County,13153,63,821
09/16/2020,02/01/2020,09/12/2020,GA,Jeff Davis County,13161,13,119
09/16/2020,02/01/2020,09/12/2020,GA,Jenkins County,13165,12,54
09/16/2020,02/01/2020,09/12/2020,GA,Lamar County,13171,12,88
09/16/2020,02/01/2020,09/12/2020,GA,Laurens County,13175,58,528
09/16/2020,02/01/2020,09/12/2020,GA,Lowndes County,13185,122,793
09/16/2020,02/01/2020,09/12/2020,GA,Mitchell County,13205,15,132
09/16/2020,02/01/2020,09/12/2020,GA,Monroe County,13207,19,180
09/16/2020,02/01/2020,09/12/2020,GA,Muscogee County,13215,220,1850
09/16/2020,02/01/2020,09/12/2020,GA,Newton County,13217,41,482
09/16/2020,02/01/2020,09/12/2020,GA,Oconee County,13219,14,226
09/16/2020,02/01/2020,09/12/2020,GA,Paulding County,13223,22,506
09/16/2020,02/01/2020,09/12/2020,GA,Pulaski County,13235,17,70
09/16/2020,02/01/2020,09/12/2020,GA,Richmond County,13245,272,2478
09/16/2020,02/01/2020,09/12/2020,GA,Rockdale County,13247,31,475
09/16/2020,02/01/2020,09/12/2020,GA,Spalding County,13255,78,734
09/16/2020,02/01/2020,09/12/2020,GA,Stephens County,13257,21,217
09/16/2020,02/01/2020,09/12/2020,GA,Sumter County,13261,40,225
09/16/2020,02/01/2020,09/12/2020,GA,Thomas County,13275,85,492
09/16/2020,02/01/2020,09/12/2020,GA,Tift County,13277,99,434
09/16/2020,02/01/2020,09/12/2020,GA,Toombs County,13279,37,327
09/16/2020,02/01/2020,09/12/2020,GA,Troup County,13285,85,557
09/16/2020,02/01/2020,09/12/2020,GA,Union County,13291,11,202
09/16/2020,02/01/2020,09/12/2020,GA,Upson County,13293,78,367
09/16/2020,02/01/2020,09/12/2020,GA,Walton County,13297,43,534
09/16/2020,02/01/2020,09/12/2020,GA,Ware County,13299,57,420
09/16/2020,02/01/2020,09/12/2020,GA,Wayne County,13305,20,210
09/16/2020,02/01/2020,09/12/2020,GA,Whitfield County,13313,45,564
09/16/2020,02/01/2020,09/12/2020,HI,Honolulu County,15003,69,5080
09/16/2020,02/01/2020,09/12/2020,HI,Maui County,15009,11,730
09/16/2020,02/01/2020,09/12/2020,ID,Ada County,16001,173,2516
09/16/2020,02/01/2020,09/12/2020,ID,Bonneville County,16019,17,738
09/16/2020,02/01/2020,09/12/2020,ID,Canyon County,16027,67,968
09/16/2020,02/01/2020,09/12/2020,ID,Kootenai County,16055,38,1143
09/16/2020,02/01/2020,09/12/2020,ID,Nez Perce County,16069,17,341
09/16/2020,02/01/2020,09/12/2020,ID,Shoshone County,16079,12,75
09/16/2020,02/01/2020,09/12/2020,ID,Twin Falls County,16083,49,603
09/16/2020,02/01/2020,09/12/2020,IL,Adams County,17001,13,599
09/16/2020,02/01/2020,09/12/2020,IL,Boone County,17007,11,220
09/16/2020,02/01/2020,09/12/2020,IL,Cass County,17017,10,55
09/16/2020,02/01/2020,09/12/2020,IL,Champaign County,17019,27,1124
09/16/2020,02/01/2020,09/12/2020,IL,Coles County,17029,22,410
09/16/2020,02/01/2020,09/12/2020,IL,Cook County,17031,4890,31894
09/16/2020,02/01/2020,09/12/2020,IL,DeKalb County,17037,32,519
09/16/2020,02/01/2020,09/12/2020,IL,DuPage County,17043,504,4883
09/16/2020,02/01/2020,09/12/2020,IL,Jackson County,17077,36,396
09/16/2020,02/01/2020,09/12/2020,IL,Jefferson County,17081,24,383
09/16/2020,02/01/2020,09/12/2020,IL,Kane County,17089,271,2369
09/16/2020,02/01/2020,09/12/2020,IL,Kankakee County,17091,68,817
09/16/2020,02/01/2020,09/12/2020,IL,Lake County,17097,384,3757
09/16/2020,02/01/2020,09/12/2020,IL,LaSalle County,17099,42,678
09/16/2020,02/01/2020,09/12/2020,IL,McDonough County,17109,16,190
09/16/2020,02/01/2020,09/12/2020,IL,McHenry County,17111,80,1142
09/16/2020,02/01/2020,09/12/2020,IL,McLean County,17113,19,835
09/16/2020,02/01/2020,09/12/2020,IL,Macon County,17115,25,802
09/16/2020,02/01/2020,09/12/2020,IL,Madison County,17119,68,1705
09/16/2020,02/01/2020,09/12/2020,IL,Morgan County,17137,15,250
09/16/2020,02/01/2020,09/12/2020,IL,Peoria County,17143,60,1891
09/16/2020,02/01/2020,09/12/2020,IL,Rock Island County,17161,48,1018
09/16/2020,02/01/2020,09/12/2020,IL,St. Clair County,17163,142,1728
09/16/2020,02/01/2020,09/12/2020,IL,Sangamon County,17167,58,1760
09/16/2020,02/01/2020,09/12/2020,IL,Whiteside County,17195,10,379
09/16/2020,02/01/2020,09/12/2020,IL,Will County,17197,291,3079
09/16/2020,02/01/2020,09/12/2020,IL,Williamson County,17199,23,561
09/16/2020,02/01/2020,09/12/2020,IL,Winnebago County,17201,155,2184
09/16/2020,02/01/2020,09/12/2020,IN,Allen County,18003,221,2942
09/16/2020,02/01/2020,09/12/2020,IN,Bartholomew County,18005,71,584
09/16/2020,02/01/2020,09/12/2020,IN,Boone County,18011,43,321
09/16/2020,02/01/2020,09/12/2020,IN,Clark County,18019,50,694
09/16/2020,02/01/2020,09/12/2020,IN,Daviess County,18027,13,183
09/16/2020,02/01/2020,09/12/2020,IN,Dearborn County,18029,35,267
09/16/2020,02/01/2020,09/12/2020,IN,Decatur County,18031,22,179
09/16/2020,02/01/2020,09/12/2020,IN,Delaware County,18035,59,1012
09/16/2020,02/01/2020,09/12/2020,IN,Dubois County,18037,13,308
09/16/2020,02/01/2020,09/12/2020,IN,Elkhart County,18039,101,1185
09/16/2020,02/01/2020,09/12/2020,IN,Floyd County,18043,76,701
09/16/2020,02/01/2020,09/12/2020,IN,Grant County,18053,29,489
09/16/2020,02/01/2020,09/12/2020,IN,Greene County,18055,30,166
09/16/2020,02/01/2020,09/12/2020,IN,Hamilton County,18057,102,1313
09/16/2020,02/01/2020,09/12/2020,IN,Hancock County,18059,32,405
09/16/2020,02/01/2020,09/12/2020,IN,Harrison County,18061,15,225
09/16/2020,02/01/2020,09/12/2020,IN,Hendricks County,18063,144,1027
09/16/2020,02/01/2020,09/12/2020,IN,Henry County,18065,11,308
09/16/2020,02/01/2020,09/12/2020,IN,Howard County,18067,64,728
09/16/2020,02/01/2020,09/12/2020,IN,Jackson County,18071,10,272
09/16/2020,02/01/2020,09/12/2020,IN,Johnson County,18081,86,768
09/16/2020,02/01/2020,09/12/2020,IN,Knox County,18083,10,315
09/16/2020,02/01/2020,09/12/2020,IN,Lake County,18089,403,3992
09/16/2020,02/01/2020,09/12/2020,IN,La Porte County,18091,39,772
09/16/2020,02/01/2020,09/12/2020,IN,Lawrence County,18093,29,293
09/16/2020,02/01/2020,09/12/2020,IN,Madison County,18095,80,908
09/16/2020,02/01/2020,09/12/2020,IN,Marion County,18097,910,7148
09/16/2020,02/01/2020,09/12/2020,IN,Marshall County,18099,27,299
09/16/2020,02/01/2020,09/12/2020,IN,Monroe County,18105,53,875
09/16/2020,02/01/2020,09/12/2020,IN,Montgomery County,18107,17,218
09/16/2020,02/01/2020,09/12/2020,IN,Morgan County,18109,31,356
09/16/2020,02/01/2020,09/12/2020,IN,Newton County,18111,10,75
09/16/2020,02/01/2020,09/12/2020,IN,Noble County,18113,24,245
09/16/2020,02/01/2020,09/12/2020,IN,Orange County,18117,16,110
09/16/2020,02/01/2020,09/12/2020,IN,Perry County,18123,12,114
09/16/2020,02/01/2020,09/12/2020,IN,Porter County,18127,38,1048
09/16/2020,02/01/2020,09/12/2020,IN,St. Joseph County,18141,103,1910
09/16/2020,02/01/2020,09/12/2020,IN,Shelby County,18145,26,267
09/16/2020,02/01/2020,09/12/2020,IN,Tippecanoe County,18157,42,991
09/16/2020,02/01/2020,09/12/2020,IN,Tipton County,18159,23,112
09/16/2020,02/01/2020,09/12/2020,IN,Vanderburgh County,18163,57,1732
09/16/2020,02/01/2020,09/12/2020,IN,Vigo County,18167,34,887
09/16/2020,02/01/2020,09/12/2020,IN,Warrick County,18173,26,603
09/16/2020,02/01/2020,09/12/2020,IN,Wayne County,18177,19,684
09/16/2020,02/01/2020,09/12/2020,IA,Black Hawk County,19013,85,888
09/16/2020,02/01/2020,09/12/2020,IA,Cerro Gordo County,19033,26,458
09/16/2020,02/01/2020,09/12/2020,IA,Clinton County,19045,18,284
09/16/2020,02/01/2020,09/12/2020,IA,Dallas County,19049,34,271
09/16/2020,02/01/2020,09/12/2020,IA,Des Moines County,19057,12,298
09/16/2020,02/01/2020,09/12/2020,IA,Dubuque County,19061,39,616
09/16/2020,02/01/2020,09/12/2020,IA,Franklin County,19069,10,76
09/16/2020,02/01/2020,09/12/2020,IA,Jasper County,19099,22,190
09/16/2020,02/01/2020,09/12/2020,IA,Johnson County,19103,79,1159
09/16/2020,02/01/2020,09/12/2020,IA,Linn County,19113,94,1277
09/16/2020,02/01/2020,09/12/2020,IA,Mahaska County,19123,17,150
09/16/2020,02/01/2020,09/12/2020,IA,Marshall County,19127,19,277
09/16/2020,02/01/2020,09/12/2020,IA,Muscatine County,19139,39,228
09/16/2020,02/01/2020,09/12/2020,IA,Plymouth County,19149,12,132
09/16/2020,02/01/2020,09/12/2020,IA,Polk County,19153,299,3228
09/16/2020,02/01/2020,09/12/2020,IA,Pottawattamie County,19155,29,635
09/16/2020,02/01/2020,09/12/2020,IA,Poweshiek County,19157,10,130
09/16/2020,02/01/2020,09/12/2020,IA,Scott County,19163,24,1149
09/16/2020,02/01/2020,09/12/2020,IA,Story County,19169,21,393
09/16/2020,02/01/2020,09/12/2020,IA,Tama County,19171,18,96
09/16/2020,02/01/2020,09/12/2020,IA,Wapello County,19179,37,271
09/16/2020,02/01/2020,09/12/2020,IA,Washington County,19183,11,145
09/16/2020,02/01/2020,09/12/2020,IA,Webster County,19187,20,324
09/16/2020,02/01/2020,09/12/2020,IA,Woodbury County,19193,101,801
09/16/2020,02/01/2020,09/12/2020,KS,Douglas County,20045,12,500
09/16/2020,02/01/2020,09/12/2020,KS,Finney County,20055,18,149
09/16/2020,02/01/2020,09/12/2020,KS,Ford County,20057,13,149
09/16/2020,02/01/2020,09/12/2020,KS,Johnson County,20091,137,2678
09/16/2020,02/01/2020,09/12/2020,KS,Lyon County,20111,21,171
09/16/2020,02/01/2020,09/12/2020,KS,Sedgwick County,20173,126,3697
09/16/2020,02/01/2020,09/12/2020,KS,Shawnee County,20177,35,1406
09/16/2020,02/01/2020,09/12/2020,KS,Wyandotte County,20209,132,1286
09/16/2020,02/01/2020,09/12/2020,KY,Barren County,21009,11,346
09/16/2020,02/01/2020,09/12/2020,KY,Boone County,21015,10,476
09/16/2020,02/01/2020,09/12/2020,KY,Boyle County,21021,17,296
09/16/2020,02/01/2020,09/12/2020,KY,Campbell County,21037,61,497
09/16/2020,02/01/2020,09/12/2020,KY,Daviess County,21059,30,811
09/16/2020,02/01/2020,09/12/2020,KY,Fayette County,21067,69,3126
09/16/2020,02/01/2020,09/12/2020,KY,Franklin County,21073,14,362
09/16/2020,02/01/2020,09/12/2020,KY,Graves County,21083,33,266
09/16/2020,02/01/2020,09/12/2020,KY,Hopkins County,21107,35,440
09/16/2020,02/01/2020,09/12/2020,KY,Jefferson County,21111,387,6487
09/16/2020,02/01/2020,09/12/2020,KY,Kenton County,21117,45,1077
09/16/2020,02/01/2020,09/12/2020,KY,Laurel County,21125,11,392
09/16/2020,02/01/2020,09/12/2020,KY,McCracken County,21145,14,746
09/16/2020,02/01/2020,09/12/2020,KY,Pike County,21195,14,758
09/16/2020,02/01/2020,09/12/2020,KY,Shelby County,21211,13,161
09/16/2020,02/01/2020,09/12/2020,KY,Warren County,21227,79,995
09/16/2020,02/01/2020,09/12/2020,LA,Acadia Parish,22001,54,402
09/16/2020,02/01/2020,09/12/2020,LA,Ascension Parish,22005,29,349
09/16/2020,02/01/2020,09/12/2020,LA,Avoyelles Parish,22009,12,251
09/16/2020,02/01/2020,09/12/2020,LA,Beauregard Parish,22011,20,194
09/16/2020,02/01/2020,09/12/2020,LA,Bossier Parish,22015,61,608
09/16/2020,02/01/2020,09/12/2020,LA,Caddo Parish,22017,451,2563
09/16/2020,02/01/2020,09/12/2020,LA,Calcasieu Parish,22019,169,1485
09/16/2020,02/01/2020,09/12/2020,LA,Claiborne Parish,22027,10,101
09/16/2020,02/01/2020,09/12/2020,LA,De Soto Parish,22031,12,96
09/16/2020,02/01/2020,09/12/2020,LA,East Baton Rouge Parish,22033,674,3883
09/16/2020,02/01/2020,09/12/2020,LA,Evangeline Parish,22039,15,209
09/16/2020,02/01/2020,09/12/2020,LA,Iberia Parish,22045,55,522
09/16/2020,02/01/2020,09/12/2020,LA,Jefferson Parish,22051,753,3847
09/16/2020,02/01/2020,09/12/2020,LA,Jefferson Davis Parish,22053,29,234
09/16/2020,02/01/2020,09/12/2020,LA,Lafayette Parish,22055,207,1720
09/16/2020,02/01/2020,09/12/2020,LA,Lafourche Parish,22057,112,640
09/16/2020,02/01/2020,09/12/2020,LA,Lincoln Parish,22061,50,313
09/16/2020,02/01/2020,09/12/2020,LA,Livingston Parish,22063,13,475
09/16/2020,02/01/2020,09/12/2020,LA,Natchitoches Parish,22069,12,195
09/16/2020,02/01/2020,09/12/2020,LA,Orleans Parish,22071,409,2747
09/16/2020,02/01/2020,09/12/2020,LA,Ouachita Parish,22073,187,1320
09/16/2020,02/01/2020,09/12/2020,LA,Pointe Coupee Parish,22077,18,147
09/16/2020,02/01/2020,09/12/2020,LA,Rapides Parish,22079,190,1366
09/16/2020,02/01/2020,09/12/2020,LA,St. Bernard Parish,22087,17,179
09/16/2020,02/01/2020,09/12/2020,LA,St. Charles Parish,22089,29,245
09/16/2020,02/01/2020,09/12/2020,LA,St. James Parish,22093,15,91
09/16/2020,02/01/2020,09/12/2020,LA,St. John the Baptist Parish,22095,33,189
09/16/2020,02/01/2020,09/12/2020,LA,St. Landry Parish,22097,91,625
09/16/2020,02/01/2020,09/12/2020,LA,St. Martin Parish,22099,20,248
09/16/2020,02/01/2020,09/12/2020,LA,St. Mary Parish,22101,45,301
09/16/2020,02/01/2020,09/12/2020,LA,St. Tammany Parish,22103,241,1798
09/16/2020,02/01/2020,09/12/2020,LA,Tangipahoa Parish,22105,76,838
09/16/2020,02/01/2020,09/12/2020,LA,Terrebonne Parish,22109,96,768
09/16/2020,02/01/2020,09/12/2020,LA,Union Parish,22111,21,165
09/16/2020,02/01/2020,09/12/2020,LA,Vermilion Parish,22113,17,333
09/16/2020,02/01/2020,09/12/2020,LA,Vernon Parish,22115,15,200
09/16/2020,02/01/2020,09/12/2020,LA,Washington Parish,22117,29,300
09/16/2020,02/01/2020,09/12/2020,LA,Webster Parish,22119,14,277
09/16/2020,02/01/2020,09/12/2020,LA,Winn Parish,22127,13,90
09/16/2020,02/01/2020,09/12/2020,ME,Androscoggin County,23001,10,868
09/16/2020,02/01/2020,09/12/2020,ME,Cumberland County,23005,88,2435
09/16/2020,02/01/2020,09/12/2020,ME,Kennebec County,23011,11,875
09/16/2020,02/01/2020,09/12/2020,ME,Waldo County,23027,16,188
09/16/2020,02/01/2020,09/12/2020,ME,York County,23031,11,949
09/16/2020,02/01/2020,09/12/2020,MD,Allegany County,24001,20,661
09/16/2020,02/01/2020,09/12/2020,MD,Anne Arundel County,24003,302,3067
09/16/2020,02/01/2020,09/12/2020,MD,Baltimore County,24005,655,5856
09/16/2020,02/01/2020,09/12/2020,MD,Calvert County,24009,15,403
09/16/2020,02/01/2020,09/12/2020,MD,Carroll County,24013,150,1146
09/16/2020,02/01/2020,09/12/2020,MD,Cecil County,24015,35,615
09/16/2020,02/01/2020,09/12/2020,MD,Charles County,24017,84,688
09/16/2020,02/01/2020,09/12/2020,MD,Frederick County,24021,129,1320
09/16/2020,02/01/2020,09/12/2020,MD,Harford County,24025,62,1354
09/16/2020,02/01/2020,09/12/2020,MD,Howard County,24027,92,1166
09/16/2020,02/01/2020,09/12/2020,MD,Kent County,24029,30,207
09/16/2020,02/01/2020,09/12/2020,MD,Montgomery County,24031,1090,5449
09/16/2020,02/01/2020,09/12/2020,MD,Prince George's County,24033,571,3995
09/16/2020,02/01/2020,09/12/2020,MD,St. Mary's County,24037,71,568
09/16/2020,02/01/2020,09/12/2020,MD,Talbot County,24041,24,426
09/16/2020,02/01/2020,09/12/2020,MD,Washington County,24043,38,1095
09/16/2020,02/01/2020,09/12/2020,MD,Wicomico County,24045,66,932
09/16/2020,02/01/2020,09/12/2020,MD,Worcester County,24047,37,446
09/16/2020,02/01/2020,09/12/2020,MD,Baltimore city,24510,636,6039
09/16/2020,02/01/2020,09/12/2020,MA,Barnstable County,25001,133,1818
09/16/2020,02/01/2020,09/12/2020,MA,Berkshire County,25003,41,980
09/16/2020,02/01/2020,09/12/2020,MA,Bristol County,25005,544,3553
09/16/2020,02/01/2020,09/12/2020,MA,Essex County,25009,1007,5223
09/16/2020,02/01/2020,09/12/2020,MA,Franklin County,25011,36,374
09/16/2020,02/01/2020,09/12/2020,MA,Hampden County,25013,671,3901
09/16/2020,02/01/2020,09/12/2020,MA,Hampshire County,25015,111,859
09/16/2020,02/01/2020,09/12/2020,MA,Middlesex County,25017,1862,8369
09/16/2020,02/01/2020,09/12/2020,MA,Norfolk County,25021,752,4046
09/16/2020,02/01/2020,09/12/2020,MA,Plymouth County,25023,606,3254
09/16/2020,02/01/2020,09/12/2020,MA,Suffolk County,25025,1263,6038
09/16/2020,02/01/2020,09/12/2020,MA,Worcester County,25027,977,5446
09/16/2020,02/01/2020,09/12/2020,MI,Alpena County,26007,15,262
09/16/2020,02/01/2020,09/12/2020,MI,Bay County,26017,32,912
09/16/2020,02/01/2020,09/12/2020,MI,Berrien County,26021,71,1099
09/16/2020,02/01/2020,09/12/2020,MI,Calhoun County,26025,37,1033
09/16/2020,02/01/2020,09/12/2020,MI,Crawford County,26039,11,136
09/16/2020,02/01/2020,09/12/2020,MI,Genesee County,26049,275,3310
09/16/2020,02/01/2020,09/12/2020,MI,Grand Traverse County,26055,15,902
09/16/2020,02/01/2020,09/12/2020,MI,Gratiot County,26057,16,286
09/16/2020,02/01/2020,09/12/2020,MI,Hillsdale County,26059,23,288
09/16/2020,02/01/2020,09/12/2020,MI,Ingham County,26065,72,1990
09/16/2020,02/01/2020,09/12/2020,MI,Jackson County,26075,80,1199
09/16/2020,02/01/2020,09/12/2020,MI,Kalamazoo County,26077,107,1939
09/16/2020,02/01/2020,09/12/2020,MI,Kent County,26081,163,3871
09/16/2020,02/01/2020,09/12/2020,MI,Lapeer County,26087,33,551
09/16/2020,02/01/2020,09/12/2020,MI,Livingston County,26093,34,859
09/16/2020,02/01/2020,09/12/2020,MI,Macomb County,26099,682,5604
09/16/2020,02/01/2020,09/12/2020,MI,Marquette County,26103,12,446
09/16/2020,02/01/2020,09/12/2020,MI,Monroe County,26115,10,745
09/16/2020,02/01/2020,09/12/2020,MI,Muskegon County,26121,78,1225
09/16/2020,02/01/2020,09/12/2020,MI,Oakland County,26125,1365,9250
09/16/2020,02/01/2020,09/12/2020,MI,Ottawa County,26139,40,1219
09/16/2020,02/01/2020,09/12/2020,MI,Saginaw County,26145,160,1757
09/16/2020,02/01/2020,09/12/2020,MI,St. Clair County,26147,45,1077
09/16/2020,02/01/2020,09/12/2020,MI,Shiawassee County,26155,19,443
09/16/2020,02/01/2020,09/12/2020,MI,Tuscola County,26157,12,274
09/16/2020,02/01/2020,09/12/2020,MI,Washtenaw County,26161,266,2569
09/16/2020,02/01/2020,09/12/2020,MI,Wayne County,26163,2312,14188
09/16/2020,02/01/2020,09/12/2020,MN,Anoka County,27003,146,1402
09/16/2020,02/01/2020,09/12/2020,MN,Blue Earth County,27013,13,359
09/16/2020,02/01/2020,09/12/2020,MN,Clay County,27027,27,207
09/16/2020,02/01/2020,09/12/2020,MN,Crow Wing County,27035,15,375
09/16/2020,02/01/2020,09/12/2020,MN,Dakota County,27037,60,1436
09/16/2020,02/01/2020,09/12/2020,MN,Hennepin County,27053,894,7210
09/16/2020,02/01/2020,09/12/2020,MN,Itasca County,27061,10,277
09/16/2020,02/01/2020,09/12/2020,MN,Nicollet County,27103,11,115
09/16/2020,02/01/2020,09/12/2020,MN,Olmsted County,27109,37,1269
09/16/2020,02/01/2020,09/12/2020,MN,Ramsey County,27123,387,3558
09/16/2020,02/01/2020,09/12/2020,MN,St. Louis County,27137,35,1669
09/16/2020,02/01/2020,09/12/2020,MN,Scott County,27139,21,420
09/16/2020,02/01/2020,09/12/2020,MN,Sherburne County,27141,10,327
09/16/2020,02/01/2020,09/12/2020,MN,Stearns County,27145,33,1086
09/16/2020,02/01/2020,09/12/2020,MN,Washington County,27163,35,965
09/16/2020,02/01/2020,09/12/2020,MN,Winona County,27169,19,232
09/16/2020,02/01/2020,09/12/2020,MS,Adams County,28001,36,260
09/16/2020,02/01/2020,09/12/2020,MS,Alcorn County,28003,27,366
09/16/2020,02/01/2020,09/12/2020,MS,Attala County,28007,13,157
09/16/2020,02/01/2020,09/12/2020,MS,Bolivar County,28011,31,236
09/16/2020,02/01/2020,09/12/2020,MS,Clarke County,28023,10,79
09/16/2020,02/01/2020,09/12/2020,MS,Coahoma County,28027,20,184
09/16/2020,02/01/2020,09/12/2020,MS,Copiah County,28029,12,155
09/16/2020,02/01/2020,09/12/2020,MS,DeSoto County,28033,96,978
09/16/2020,02/01/2020,09/12/2020,MS,Forrest County,28035,170,1057
09/16/2020,02/01/2020,09/12/2020,MS,Grenada County,28043,16,195
09/16/2020,02/01/2020,09/12/2020,MS,Hancock County,28045,10,235
09/16/2020,02/01/2020,09/12/2020,MS,Harrison County,28047,74,1531
09/16/2020,02/01/2020,09/12/2020,MS,Hinds County,28049,407,3022
09/16/2020,02/01/2020,09/12/2020,MS,Holmes County,28051,17,115
09/16/2020,02/01/2020,09/12/2020,MS,Jackson County,28059,61,984
09/16/2020,02/01/2020,09/12/2020,MS,Jones County,28067,64,475
09/16/2020,02/01/2020,09/12/2020,MS,Lafayette County,28071,80,525
09/16/2020,02/01/2020,09/12/2020,MS,Lamar County,28073,46,341
09/16/2020,02/01/2020,09/12/2020,MS,Lauderdale County,28075,225,1019
09/16/2020,02/01/2020,09/12/2020,MS,Leake County,28079,10,107
09/16/2020,02/01/2020,09/12/2020,MS,Lee County,28081,171,1417
09/16/2020,02/01/2020,09/12/2020,MS,Leflore County,28083,80,365
09/16/2020,02/01/2020,09/12/2020,MS,Lincoln County,28085,43,281
09/16/2020,02/01/2020,09/12/2020,MS,Lowndes County,28087,71,544
09/16/2020,02/01/2020,09/12/2020,MS,Madison County,28089,50,661
09/16/2020,02/01/2020,09/12/2020,MS,Monroe County,28095,43,259
09/16/2020,02/01/2020,09/12/2020,MS,Montgomery County,28097,10,89
09/16/2020,02/01/2020,09/12/2020,MS,Neshoba County,28099,18,195
09/16/2020,02/01/2020,09/12/2020,MS,Oktibbeha County,28105,37,214
09/16/2020,02/01/2020,09/12/2020,MS,Pearl River County,28109,23,366
09/16/2020,02/01/2020,09/12/2020,MS,Pike County,28113,45,372
09/16/2020,02/01/2020,09/12/2020,MS,Rankin County,28121,32,649
09/16/2020,02/01/2020,09/12/2020,MS,Simpson County,28127,23,179
09/16/2020,02/01/2020,09/12/2020,MS,Sunflower County,28133,25,200
09/16/2020,02/01/2020,09/12/2020,MS,Tate County,28137,11,129
09/16/2020,02/01/2020,09/12/2020,MS,Tishomingo County,28141,21,170
09/16/2020,02/01/2020,09/12/2020,MS,Warren County,28149,61,401
09/16/2020,02/01/2020,09/12/2020,MS,Washington County,28151,69,471
09/16/2020,02/01/2020,09/12/2020,MS,Wayne County,28153,19,137
09/16/2020,02/01/2020,09/12/2020,MS,Webster County,28155,13,87
09/16/2020,02/01/2020,09/12/2020,MS,Winston County,28159,11,116
09/16/2020,02/01/2020,09/12/2020,MS,Yazoo County,28163,11,157
09/16/2020,02/01/2020,09/12/2020,MO,Boone County,29019,22,1335
09/16/2020,02/01/2020,09/12/2020,MO,Buchanan County,29021,12,639
09/16/2020,02/01/2020,09/12/2020,MO,Butler County,29023,10,435
09/16/2020,02/01/2020,09/12/2020,MO,Cape Girardeau County,29031,25,877
09/16/2020,02/01/2020,09/12/2020,MO,Cass County,29037,19,469
09/16/2020,02/01/2020,09/12/2020,MO,Clay County,29047,51,1429
09/16/2020,02/01/2020,09/12/2020,MO,Cole County,29051,14,543
09/16/2020,02/01/2020,09/12/2020,MO,Franklin County,29071,21,569
09/16/2020,02/01/2020,09/12/2020,MO,Greene County,29077,52,2623
09/16/2020,02/01/2020,09/12/2020,MO,Jackson County,29095,177,4955
09/16/2020,02/01/2020,09/12/2020,MO,Jasper County,29097,22,563
09/16/2020,02/01/2020,09/12/2020,MO,Jefferson County,29099,30,928
09/16/2020,02/01/2020,09/12/2020,MO,Marion County,29127,11,239
09/16/2020,02/01/2020,09/12/2020,MO,Newton County,29145,40,921
09/16/2020,02/01/2020,09/12/2020,MO,Pemiscot County,29155,10,126
09/16/2020,02/01/2020,09/12/2020,MO,St. Charles County,29183,109,1915
09/16/2020,02/01/2020,09/12/2020,MO,St. Louis County,29189,759,8313
09/16/2020,02/01/2020,09/12/2020,MO,Scott County,29201,12,283
09/16/2020,02/01/2020,09/12/2020,MO,Taney County,29213,20,356
09/16/2020,02/01/2020,09/12/2020,MO,St. Louis city,29510,212,3012
09/16/2020,02/01/2020,09/12/2020,MT,Flathead County,30029,12,703
09/16/2020,02/01/2020,09/12/2020,MT,Yellowstone County,30111,63,1236
09/16/2020,02/01/2020,09/12/2020,NE,Adams County,31001,13,196
09/16/2020,02/01/2020,09/12/2020,NE,Buffalo County,31019,16,348
09/16/2020,02/01/2020,09/12/2020,NE,Dakota County,31043,10,74
09/16/2020,02/01/2020,09/12/2020,NE,Dodge County,31053,12,266
09/16/2020,02/01/2020,09/12/2020,NE,Douglas County,31055,204,3412
09/16/2020,02/01/2020,09/12/2020,NE,Hall County,31079,37,337
09/16/2020,02/01/2020,09/12/2020,NE,Hamilton County,31081,15,52
09/16/2020,02/01/2020,09/12/2020,NE,Lancaster County,31109,40,1770
09/16/2020,02/01/2020,09/12/2020,NE,Sarpy County,31153,12,568
09/16/2020,02/01/2020,09/12/2020,NV,Clark County,32003,1130,12611
09/16/2020,02/01/2020,09/12/2020,NV,Washoe County,32031,150,3070
09/16/2020,02/01/2020,09/12/2020,NV,Carson City,32510,11,690
09/16/2020,02/01/2020,09/12/2020,NH,Hillsborough County,33011,293,2459
09/16/2020,02/01/2020,09/12/2020,NH,Merrimack County,33013,24,992
09/16/2020,02/01/2020,09/12/2020,NH,Rockingham County,33015,83,1510
09/16/2020,02/01/2020,09/12/2020,NJ,Atlantic County,34001,205,2019
09/16/2020,02/01/2020,09/12/2020,NJ,Bergen County,34003,2054,6994
09/16/2020,02/01/2020,09/12/2020,NJ,Burlington County,34005,426,2609
09/16/2020,02/01/2020,09/12/2020,NJ,Camden County,34007,554,4321
09/16/2020,02/01/2020,09/12/2020,NJ,Cape May County,34009,74,752
09/16/2020,02/01/2020,09/12/2020,NJ,Cumberland County,34011,117,1079
09/16/2020,02/01/2020,09/12/2020,NJ,Essex County,34013,2010,6519
09/16/2020,02/01/2020,09/12/2020,NJ,Gloucester County,34015,199,1813
09/16/2020,02/01/2020,09/12/2020,NJ,Hudson County,34017,1080,3370
09/16/2020,02/01/2020,09/12/2020,NJ,Hunterdon County,34019,119,628
09/16/2020,02/01/2020,09/12/2020,NJ,Mercer County,34021,527,2297
09/16/2020,02/01/2020,09/12/2020,NJ,Middlesex County,34023,1461,5738
09/16/2020,02/01/2020,09/12/2020,NJ,Monmouth County,34025,851,4774
09/16/2020,02/01/2020,09/12/2020,NJ,Morris County,34027,986,4060
09/16/2020,02/01/2020,09/12/2020,NJ,Ocean County,34029,821,5005
09/16/2020,02/01/2020,09/12/2020,NJ,Passaic County,34031,987,3279
09/16/2020,02/01/2020,09/12/2020,NJ,Salem County,34033,60,456
09/16/2020,02/01/2020,09/12/2020,NJ,Somerset County,34035,397,1807
09/16/2020,02/01/2020,09/12/2020,NJ,Sussex County,34037,158,849
09/16/2020,02/01/2020,09/12/2020,NJ,Union County,34039,990,3632
09/16/2020,02/01/2020,09/12/2020,NJ,Warren County,34041,138,695
09/16/2020,02/01/2020,09/12/2020,NM,Bernalillo County,35001,326,4730
09/16/2020,02/01/2020,09/12/2020,NM,Dona Ana County,35013,36,1189
09/16/2020,02/01/2020,09/12/2020,NM,McKinley County,35031,91,384
09/16/2020,02/01/2020,09/12/2020,NM,Sandoval County,35043,78,847
09/16/2020,02/01/2020,09/12/2020,NM,San Juan County,35045,185,803
09/16/2020,02/01/2020,09/12/2020,NM,Santa Fe County,35049,13,821
09/16/2020,02/01/2020,09/12/2020,NY,Albany County,36001,205,2508
09/16/2020,02/01/2020,09/12/2020,NY,Bronx County,36005,4281,12384
09/16/2020,02/01/2020,09/12/2020,NY,Broome County,36007,101,1564
09/16/2020,02/01/2020,09/12/2020,NY,Columbia County,36021,47,405
09/16/2020,02/01/2020,09/12/2020,NY,Dutchess County,36027,200,1833
09/16/2020,02/01/2020,09/12/2020,NY,Erie County,36029,709,7061
09/16/2020,02/01/2020,09/12/2020,NY,Fulton County,36035,31,324
09/16/2020,02/01/2020,09/12/2020,NY,Herkimer County,36043,13,304
09/16/2020,02/01/2020,09/12/2020,NY,Kings County,36047,6051,16719
09/16/2020,02/01/2020,09/12/2020,NY,Madison County,36053,12,324
09/16/2020,02/01/2020,09/12/2020,NY,Monroe County,36055,341,5261
09/16/2020,02/01/2020,09/12/2020,NY,Nassau County,36059,3223,11001
09/16/2020,02/01/2020,09/12/2020,NY,New York County,36061,3947,12707
09/16/2020,02/01/2020,09/12/2020,NY,Niagara County,36063,79,1423
09/16/2020,02/01/2020,09/12/2020,NY,Oneida County,36065,130,1828
09/16/2020,02/01/2020,09/12/2020,NY,Onondaga County,36067,246,3594
09/16/2020,02/01/2020,09/12/2020,NY,Ontario County,36069,31,690
09/16/2020,02/01/2020,09/12/2020,NY,Orange County,36071,474,2237
09/16/2020,02/01/2020,09/12/2020,NY,Orleans County,36073,44,219
09/16/2020,02/01/2020,09/12/2020,NY,Otsego County,36077,12,529
09/16/2020,02/01/2020,09/12/2020,NY,Putnam County,36079,69,375
09/16/2020,02/01/2020,09/12/2020,NY,Queens County,36081,5428,14619
09/16/2020,02/01/2020,09/12/2020,NY,Rensselaer County,36083,40,956
09/16/2020,02/01/2020,09/12/2020,NY,Richmond County,36085,979,3374
09/16/2020,02/01/2020,09/12/2020,NY,Rockland County,36087,654,2059
09/16/2020,02/01/2020,09/12/2020,NY,Schenectady County,36093,33,1038
09/16/2020,02/01/2020,09/12/2020,NY,Steuben County,36101,36,605
09/16/2020,02/01/2020,09/12/2020,NY,Suffolk County,36103,2692,10681
09/16/2020,02/01/2020,09/12/2020,NY,Sullivan County,36105,43,424
09/16/2020,02/01/2020,09/12/2020,NY,Tioga County,36107,18,196
09/16/2020,02/01/2020,09/12/2020,NY,Ulster County,36111,57,900
09/16/2020,02/01/2020,09/12/2020,NY,Warren County,36113,42,619
09/16/2020,02/01/2020,09/12/2020,NY,Washington County,36115,12,345
09/16/2020,02/01/2020,09/12/2020,NY,Westchester County,36119,1875,6427
09/16/2020,02/01/2020,09/12/2020,NC,Alamance County,37001,18,868
09/16/2020,02/01/2020,09/12/2020,NC,Brunswick County,37019,15,695
09/16/2020,02/01/2020,09/12/2020,NC,Buncombe County,37021,86,2033
09/16/2020,02/01/2020,09/12/2020,NC,Burke County,37023,31,533
09/16/2020,02/01/2020,09/12/2020,NC,Cabarrus County,37025,59,1076
09/16/2020,02/01/2020,09/12/2020,NC,Caldwell County,37027,10,450
09/16/2020,02/01/2020,09/12/2020,NC,Catawba County,37035,39,1028
09/16/2020,02/01/2020,09/12/2020,NC,Chatham County,37037,47,482
09/16/2020,02/01/2020,09/12/2020,NC,Cleveland County,37045,22,632
09/16/2020,02/01/2020,09/12/2020,NC,Columbus County,37047,18,385
09/16/2020,02/01/2020,09/12/2020,NC,Craven County,37049,16,657
09/16/2020,02/01/2020,09/12/2020,NC,Cumberland County,37051,67,1578
09/16/2020,02/01/2020,09/12/2020,NC,Davidson County,37057,16,793
09/16/2020,02/01/2020,09/12/2020,NC,Duplin County,37061,18,246
09/16/2020,02/01/2020,09/12/2020,NC,Durham County,37063,137,1891
09/16/2020,02/01/2020,09/12/2020,NC,Edgecombe County,37065,10,311
09/16/2020,02/01/2020,09/12/2020,NC,Forsyth County,37067,99,2730
09/16/2020,02/01/2020,09/12/2020,NC,Franklin County,37069,10,201
09/16/2020,02/01/2020,09/12/2020,NC,Gaston County,37071,34,1258
09/16/2020,02/01/2020,09/12/2020,NC,Guilford County,37081,187,2775
09/16/2020,02/01/2020,09/12/2020,NC,Harnett County,37085,26,462
09/16/2020,02/01/2020,09/12/2020,NC,Haywood County,37087,24,412
09/16/2020,02/01/2020,09/12/2020,NC,Henderson County,37089,60,773
09/16/2020,02/01/2020,09/12/2020,NC,Hertford County,37091,20,174
09/16/2020,02/01/2020,09/12/2020,NC,Iredell County,37097,20,890
09/16/2020,02/01/2020,09/12/2020,NC,Johnston County,37101,24,729
09/16/2020,02/01/2020,09/12/2020,NC,Lenoir County,37107,16,310
09/16/2020,02/01/2020,09/12/2020,NC,Lincoln County,37109,13,388
09/16/2020,02/01/2020,09/12/2020,NC,McDowell County,37111,11,194
09/16/2020,02/01/2020,09/12/2020,NC,Mecklenburg County,37119,244,4294
09/16/2020,02/01/2020,09/12/2020,NC,Moore County,37125,45,794
09/16/2020,02/01/2020,09/12/2020,NC,Nash County,37127,12,516
09/16/2020,02/01/2020,09/12/2020,NC,New Hanover County,37129,45,1629
09/16/2020,02/01/2020,09/12/2020,NC,Onslow County,37133,12,506
09/16/2020,02/01/2020,09/12/2020,NC,Orange County,37135,62,717
09/16/2020,02/01/2020,09/12/2020,NC,Pasquotank County,37139,21,302
09/16/2020,02/01/2020,09/12/2020,NC,Pitt County,37147,50,1420
09/16/2020,02/01/2020,09/12/2020,NC,Randolph County,37151,18,666
09/16/2020,02/01/2020,09/12/2020,NC,Robeson County,37155,46,675
09/16/2020,02/01/2020,09/12/2020,NC,Rowan County,37159,52,832
09/16/2020,02/01/2020,09/12/2020,NC,Rutherford County,37161,11,414
09/16/2020,02/01/2020,09/12/2020,NC,Surry County,37171,10,524
09/16/2020,02/01/2020,09/12/2020,NC,Union County,37179,33,717
09/16/2020,02/01/2020,09/12/2020,NC,Vance County,37181,43,302
09/16/2020,02/01/2020,09/12/2020,NC,Wake County,37183,218,3605
09/16/2020,02/01/2020,09/12/2020,NC,Wayne County,37191,55,877
09/16/2020,02/01/2020,09/12/2020,NC,Wilson County,37195,37,482
09/16/2020,02/01/2020,09/12/2020,ND,Burleigh County,38015,26,720
09/16/2020,02/01/2020,09/12/2020,ND,Cass County,38017,103,1258
09/16/2020,02/01/2020,09/12/2020,ND,Grand Forks County,38035,18,433
09/16/2020,02/01/2020,09/12/2020,OH,Allen County,39003,58,888
09/16/2020,02/01/2020,09/12/2020,OH,Ashtabula County,39007,34,609
09/16/2020,02/01/2020,09/12/2020,OH,Butler County,39017,77,2009
09/16/2020,02/01/2020,09/12/2020,OH,Clark County,39023,24,1024
09/16/2020,02/01/2020,09/12/2020,OH,Columbiana County,39029,50,699
09/16/2020,02/01/2020,09/12/2020,OH,Cuyahoga County,39035,647,10378
09/16/2020,02/01/2020,09/12/2020,OH,Darke County,39037,30,339
09/16/2020,02/01/2020,09/12/2020,OH,Erie County,39043,32,710
09/16/2020,02/01/2020,09/12/2020,OH,Fairfield County,39045,29,841
09/16/2020,02/01/2020,09/12/2020,OH,Franklin County,39049,651,8660
09/16/2020,02/01/2020,09/12/2020,OH,Geauga County,39055,50,574
09/16/2020,02/01/2020,09/12/2020,OH,Greene County,39057,12,744
09/16/2020,02/01/2020,09/12/2020,OH,Hamilton County,39061,278,6249
09/16/2020,02/01/2020,09/12/2020,OH,Hancock County,39063,14,545
09/16/2020,02/01/2020,09/12/2020,OH,Lake County,39085,32,1222
09/16/2020,02/01/2020,09/12/2020,OH,Licking County,39089,46,956
09/16/2020,02/01/2020,09/12/2020,OH,Lorain County,39093,54,1681
09/16/2020,02/01/2020,09/12/2020,OH,Lucas County,39095,384,3686
09/16/2020,02/01/2020,09/12/2020,OH,Mahoning County,39099,271,2372
09/16/2020,02/01/2020,09/12/2020,OH,Marion County,39101,33,455
09/16/2020,02/01/2020,09/12/2020,OH,Medina County,39103,22,826
09/16/2020,02/01/2020,09/12/2020,OH,Miami County,39109,32,618
09/16/2020,02/01/2020,09/12/2020,OH,Montgomery County,39113,180,4805
09/16/2020,02/01/2020,09/12/2020,OH,Ottawa County,39123,17,204
09/16/2020,02/01/2020,09/12/2020,OH,Pickaway County,39129,13,298
09/16/2020,02/01/2020,09/12/2020,OH,Portage County,39133,45,829
09/16/2020,02/01/2020,09/12/2020,OH,Putnam County,39137,11,143
09/16/2020,02/01/2020,09/12/2020,OH,Richland County,39139,16,862
09/16/2020,02/01/2020,09/12/2020,OH,Sandusky County,39143,14,337
09/16/2020,02/01/2020,09/12/2020,OH,Stark County,39151,158,2968
09/16/2020,02/01/2020,09/12/2020,OH,Summit County,39153,209,4023
09/16/2020,02/01/2020,09/12/2020,OH,Trumbull County,39155,70,1278
09/16/2020,02/01/2020,09/12/2020,OH,Tuscarawas County,39157,17,670
09/16/2020,02/01/2020,09/12/2020,OH,Warren County,39165,29,1097
09/16/2020,02/01/2020,09/12/2020,OH,Washington County,39167,26,516
09/16/2020,02/01/2020,09/12/2020,OH,Wayne County,39169,60,683
09/16/2020,02/01/2020,09/12/2020,OH,Wood County,39173,39,789
09/16/2020,02/01/2020,09/12/2020,OK,Caddo County,40015,11,169
09/16/2020,02/01/2020,09/12/2020,OK,Cleveland County,40027,73,1198
09/16/2020,02/01/2020,09/12/2020,OK,Comanche County,40031,17,643
09/16/2020,02/01/2020,09/12/2020,OK,Delaware County,40041,20,293
09/16/2020,02/01/2020,09/12/2020,OK,Garfield County,40047,20,469
09/16/2020,02/01/2020,09/12/2020,OK,McCurtain County,40089,10,181
09/16/2020,02/01/2020,09/12/2020,OK,Muskogee County,40101,35,590
09/16/2020,02/01/2020,09/12/2020,OK,Oklahoma County,40109,283,6347
09/16/2020,02/01/2020,09/12/2020,OK,Pittsburg County,40121,12,325
09/16/2020,02/01/2020,09/12/2020,OK,Rogers County,40131,10,463
09/16/2020,02/01/2020,09/12/2020,OK,Tulsa County,40143,274,5236
09/16/2020,02/01/2020,09/12/2020,OK,Washington County,40147,37,449
09/16/2020,02/01/2020,09/12/2020,OR,Clackamas County,41005,44,2168
09/16/2020,02/01/2020,09/12/2020,OR,Deschutes County,41017,18,1047
09/16/2020,02/01/2020,09/12/2020,OR,Lincoln County,41041,11,342
09/16/2020,02/01/2020,09/12/2020,OR,Linn County,41043,10,875
09/16/2020,02/01/2020,09/12/2020,OR,Marion County,41047,68,1807
09/16/2020,02/01/2020,09/12/2020,OR,Multnomah County,41051,146,4172
09/16/2020,02/01/2020,09/12/2020,OR,Umatilla County,41059,31,392
09/16/2020,02/01/2020,09/12/2020,OR,Washington County,41067,64,2245
09/16/2020,02/01/2020,09/12/2020,OR,Yamhill County,41071,13,564
09/16/2020,02/01/2020,09/12/2020,PA,Adams County,42001,14,560
09/16/2020,02/01/2020,09/12/2020,PA,Allegheny County,42003,391,10243
09/16/2020,02/01/2020,09/12/2020,PA,Beaver County,42007,104,1233
09/16/2020,02/01/2020,09/12/2020,PA,Berks County,42011,373,2689
09/16/2020,02/01/2020,09/12/2020,PA,Blair County,42013,21,1160
09/16/2020,02/01/2020,09/12/2020,PA,Bucks County,42017,575,4169
09/16/2020,02/01/2020,09/12/2020,PA,Butler County,42019,12,1152
09/16/2020,02/01/2020,09/12/2020,PA,Carbon County,42025,19,395
09/16/2020,02/01/2020,09/12/2020,PA,Chester County,42029,412,2922
09/16/2020,02/01/2020,09/12/2020,PA,Columbia County,42037,26,298
09/16/2020,02/01/2020,09/12/2020,PA,Cumberland County,42041,104,1631
09/16/2020,02/01/2020,09/12/2020,PA,Dauphin County,42043,187,2204
09/16/2020,02/01/2020,09/12/2020,PA,Delaware County,42045,745,3701
09/16/2020,02/01/2020,09/12/2020,PA,Erie County,42049,44,2006
09/16/2020,02/01/2020,09/12/2020,PA,Franklin County,42055,50,1017
09/16/2020,02/01/2020,09/12/2020,PA,Lackawanna County,42069,240,2005
09/16/2020,02/01/2020,09/12/2020,PA,Lancaster County,42071,428,3561
09/16/2020,02/01/2020,09/12/2020,PA,Lawrence County,42073,20,649
09/16/2020,02/01/2020,09/12/2020,PA,Lebanon County,42075,52,915
09/16/2020,02/01/2020,09/12/2020,PA,Lehigh County,42077,503,3319
09/16/2020,02/01/2020,09/12/2020,PA,Luzerne County,42079,186,2622
09/16/2020,02/01/2020,09/12/2020,PA,Lycoming County,42081,29,851
09/16/2020,02/01/2020,09/12/2020,PA,Mercer County,42085,13,805
09/16/2020,02/01/2020,09/12/2020,PA,Monroe County,42089,111,933
09/16/2020,02/01/2020,09/12/2020,PA,Montgomery County,42091,1137,6175
09/16/2020,02/01/2020,09/12/2020,PA,Montour County,42093,32,765
09/16/2020,02/01/2020,09/12/2020,PA,Northampton County,42095,273,1950
09/16/2020,02/01/2020,09/12/2020,PA,Northumberland County,42097,32,511
09/16/2020,02/01/2020,09/12/2020,PA,Philadelphia County,42101,1607,11138
09/16/2020,02/01/2020,09/12/2020,PA,Pike County,42103,13,195
09/16/2020,02/01/2020,09/12/2020,PA,Schuylkill County,42107,32,1025
09/16/2020,02/01/2020,09/12/2020,PA,Susquehanna County,42115,34,286
09/16/2020,02/01/2020,09/12/2020,PA,Union County,42119,10,271
09/16/2020,02/01/2020,09/12/2020,PA,Washington County,42125,23,1496
09/16/2020,02/01/2020,09/12/2020,PA,Wayne County,42127,12,351
09/16/2020,02/01/2020,09/12/2020,PA,Westmoreland County,42129,42,2154
09/16/2020,02/01/2020,09/12/2020,PA,York County,42133,130,2730
09/16/2020,02/01/2020,09/12/2020,RI,Kent County,44003,113,1020
09/16/2020,02/01/2020,09/12/2020,RI,Providence County,44007,851,4701
09/16/2020,02/01/2020,09/12/2020,RI,Washington County,44009,53,682
09/16/2020,02/01/2020,09/12/2020,SC,Aiken County,45003,56,1135
09/16/2020,02/01/2020,09/12/2020,SC,Anderson County,45007,122,1665
09/16/2020,02/01/2020,09/12/2020,SC,Beaufort County,45013,49,1002
09/16/2020,02/01/2020,09/12/2020,SC,Berkeley County,45015,47,919
09/16/2020,02/01/2020,09/12/2020,SC,Calhoun County,45017,11,94
09/16/2020,02/01/2020,09/12/2020,SC,Charleston County,45019,317,3291
09/16/2020,02/01/2020,09/12/2020,SC,Chesterfield County,45025,18,287
09/16/2020,02/01/2020,09/12/2020,SC,Clarendon County,45027,32,214
09/16/2020,02/01/2020,09/12/2020,SC,Colleton County,45029,32,349
09/16/2020,02/01/2020,09/12/2020,SC,Darlington County,45031,48,406
09/16/2020,02/01/2020,09/12/2020,SC,Dillon County,45033,11,210
09/16/2020,02/01/2020,09/12/2020,SC,Dorchester County,45035,48,623
09/16/2020,02/01/2020,09/12/2020,SC,Fairfield County,45039,10,145
09/16/2020,02/01/2020,09/12/2020,SC,Florence County,45041,267,2008
09/16/2020,02/01/2020,09/12/2020,SC,Georgetown County,45043,53,610
09/16/2020,02/01/2020,09/12/2020,SC,Greenville County,45045,267,3594
09/16/2020,02/01/2020,09/12/2020,SC,Greenwood County,45047,59,724
09/16/2020,02/01/2020,09/12/2020,SC,Hampton County,45049,18,126
09/16/2020,02/01/2020,09/12/2020,SC,Horry County,45051,193,2748
09/16/2020,02/01/2020,09/12/2020,SC,Jasper County,45053,22,208
09/16/2020,02/01/2020,09/12/2020,SC,Kershaw County,45055,14,398
09/16/2020,02/01/2020,09/12/2020,SC,Lancaster County,45057,40,535
09/16/2020,02/01/2020,09/12/2020,SC,Laurens County,45059,32,469
09/16/2020,02/01/2020,09/12/2020,SC,Lexington County,45063,141,1913
09/16/2020,02/01/2020,09/12/2020,SC,Oconee County,45073,13,573
09/16/2020,02/01/2020,09/12/2020,SC,Orangeburg County,45075,92,734
09/16/2020,02/01/2020,09/12/2020,SC,Pickens County,45077,19,602
09/16/2020,02/01/2020,09/12/2020,SC,Richland County,45079,266,2783
09/16/2020,02/01/2020,09/12/2020,SC,Spartanburg County,45083,192,2476
09/16/2020,02/01/2020,09/12/2020,SC,Sumter County,45085,54,766
09/16/2020,02/01/2020,09/12/2020,SC,Williamsburg County,45089,14,180
09/16/2020,02/01/2020,09/12/2020,SC,York County,45091,38,1359
09/16/2020,02/01/2020,09/12/2020,SD,Minnehaha County,46099,120,1551
09/16/2020,02/01/2020,09/12/2020,SD,Pennington County,46103,42,764
09/16/2020,02/01/2020,09/12/2020,TN,Blount County,47009,15,860
09/16/2020,02/01/2020,09/12/2020,TN,Bradley County,47011,21,713
09/16/2020,02/01/2020,09/12/2020,TN,Carter County,47019,11,420
09/16/2020,02/01/2020,09/12/2020,TN,Davidson County,47037,370,6128
09/16/2020,02/01/2020,09/12/2020,TN,Dickson County,47043,10,348
09/16/2020,02/01/2020,09/12/2020,TN,Dyer County,47045,11,316
09/16/2020,02/01/2020,09/12/2020,TN,Hamblen County,47063,23,529
09/16/2020,02/01/2020,09/12/2020,TN,Hamilton County,47065,138,3496
09/16/2020,02/01/2020,09/12/2020,TN,Knox County,47093,103,4235
09/16/2020,02/01/2020,09/12/2020,TN,McMinn County,47107,12,379
09/16/2020,02/01/2020,09/12/2020,TN,Madison County,47113,120,1307
09/16/2020,02/01/2020,09/12/2020,TN,Maury County,47119,25,744
09/16/2020,02/01/2020,09/12/2020,TN,Montgomery County,47125,23,862
09/16/2020,02/01/2020,09/12/2020,TN,Putnam County,47141,35,780
09/16/2020,02/01/2020,09/12/2020,TN,Robertson County,47147,11,406
09/16/2020,02/01/2020,09/12/2020,TN,Rutherford County,47149,106,1779
09/16/2020,02/01/2020,09/12/2020,TN,Sevier County,47155,10,587
09/16/2020,02/01/2020,09/12/2020,TN,Shelby County,47157,405,6654
09/16/2020,02/01/2020,09/12/2020,TN,Sullivan County,47163,44,1958
09/16/2020,02/01/2020,09/12/2020,TN,Sumner County,47165,81,1038
09/16/2020,02/01/2020,09/12/2020,TN,Washington County,47179,33,1452
09/16/2020,02/01/2020,09/12/2020,TN,Williamson County,47187,34,801
09/16/2020,02/01/2020,09/12/2020,TN,Wilson County,47189,14,658
09/16/2020,02/01/2020,09/12/2020,TX,Anderson County,48001,14,334
09/16/2020,02/01/2020,09/12/2020,TX,Angelina County,48005,56,718
09/16/2020,02/01/2020,09/12/2020,TX,Atascosa County,48013,12,227
09/16/2020,02/01/2020,09/12/2020,TX,Bell County,48027,96,1959
09/16/2020,02/01/2020,09/12/2020,TX,Bexar County,48029,1449,10723
09/16/2020,02/01/2020,09/12/2020,TX,Bowie County,48037,76,985
09/16/2020,02/01/2020,09/12/2020,TX,Brazoria County,48039,117,1442
09/16/2020,02/01/2020,09/12/2020,TX,Brazos County,48041,102,1004
09/16/2020,02/01/2020,09/12/2020,TX,Brown County,48049,25,316
09/16/2020,02/01/2020,09/12/2020,TX,Burnet County,48053,17,302
09/16/2020,02/01/2020,09/12/2020,TX,Caldwell County,48055,15,202
09/16/2020,02/01/2020,09/12/2020,TX,Cameron County,48061,889,2829
09/16/2020,02/01/2020,09/12/2020,TX,Cherokee County,48073,15,278
09/16/2020,02/01/2020,09/12/2020,TX,Collin County,48085,206,3934
09/16/2020,02/01/2020,09/12/2020,TX,Comal County,48091,110,918
09/16/2020,02/01/2020,09/12/2020,TX,Dallas County,48113,947,11575
09/16/2020,02/01/2020,09/12/2020,TX,Denton County,48121,165,2709
09/16/2020,02/01/2020,09/12/2020,TX,DeWitt County,48123,20,120
09/16/2020,02/01/2020,09/12/2020,TX,Ector County,48135,93,947
09/16/2020,02/01/2020,09/12/2020,TX,Ellis County,48139,41,766
09/16/2020,02/01/2020,09/12/2020,TX,El Paso County,48141,502,4352
09/16/2020,02/01/2020,09/12/2020,TX,Fort Bend County,48157,218,2375
09/16/2020,02/01/2020,09/12/2020,TX,Galveston County,48167,254,1785
09/16/2020,02/01/2020,09/12/2020,TX,Grayson County,48181,43,1104
09/16/2020,02/01/2020,09/12/2020,TX,Gregg County,48183,87,1219
09/16/2020,02/01/2020,09/12/2020,TX,Guadalupe County,48187,59,650
09/16/2020,02/01/2020,09/12/2020,TX,Hale County,48189,36,163
09/16/2020,02/01/2020,09/12/2020,TX,Harris County,48201,2412,21152
09/16/2020,02/01/2020,09/12/2020,TX,Harrison County,48203,15,264
09/16/2020,02/01/2020,09/12/2020,TX,Hays County,48209,26,751
09/16/2020,02/01/2020,09/12/2020,TX,Henderson County,48213,10,536
09/16/2020,02/01/2020,09/12/2020,TX,Hidalgo County,48215,1283,4444
09/16/2020,02/01/2020,09/12/2020,TX,Hood County,48221,20,417
09/16/2020,02/01/2020,09/12/2020,TX,Hunt County,48231,28,576
09/16/2020,02/01/2020,09/12/2020,TX,Jefferson County,48245,162,2080
09/16/2020,02/01/2020,09/12/2020,TX,Johnson County,48251,13,635
09/16/2020,02/01/2020,09/12/2020,TX,Karnes County,48255,12,79
09/16/2020,02/01/2020,09/12/2020,TX,Kaufman County,48257,14,473
09/16/2020,02/01/2020,09/12/2020,TX,Kleberg County,48273,26,160
09/16/2020,02/01/2020,09/12/2020,TX,Lamar County,48277,42,470
09/16/2020,02/01/2020,09/12/2020,TX,Lamb County,48279,13,87
09/16/2020,02/01/2020,09/12/2020,TX,Lavaca County,48285,16,139
09/16/2020,02/01/2020,09/12/2020,TX,Lubbock County,48303,193,2446
09/16/2020,02/01/2020,09/12/2020,TX,McLennan County,48309,103,1661
09/16/2020,02/01/2020,09/12/2020,TX,Matagorda County,48321,32,203
09/16/2020,02/01/2020,09/12/2020,TX,Maverick County,48323,64,280
09/16/2020,02/01/2020,09/12/2020,TX,Midland County,48329,61,723
09/16/2020,02/01/2020,09/12/2020,TX,Montgomery County,48339,259,3488
09/16/2020,02/01/2020,09/12/2020,TX,Nacogdoches County,48347,79,500
09/16/2020,02/01/2020,09/12/2020,TX,Navarro County,48349,12,277
09/16/2020,02/01/2020,09/12/2020,TX,Nueces County,48355,405,2534
09/16/2020,02/01/2020,09/12/2020,TX,Panola County,48365,10,172
09/16/2020,02/01/2020,09/12/2020,TX,Parker County,48367,25,602
09/16/2020,02/01/2020,09/12/2020,TX,Polk County,48373,10,337
09/16/2020,02/01/2020,09/12/2020,TX,Potter County,48375,125,1391
09/16/2020,02/01/2020,09/12/2020,TX,Randall County,48381,13,410
09/16/2020,02/01/2020,09/12/2020,TX,Rockwall County,48397,51,560
09/16/2020,02/01/2020,09/12/2020,TX,San Patricio County,48409,10,256
09/16/2020,02/01/2020,09/12/2020,TX,Smith County,48423,179,2444
09/16/2020,02/01/2020,09/12/2020,TX,Somervell County,48425,12,70
09/16/2020,02/01/2020,09/12/2020,TX,Starr County,48427,53,213
09/16/2020,02/01/2020,09/12/2020,TX,Tarrant County,48439,776,10307
09/16/2020,02/01/2020,09/12/2020,TX,Taylor County,48441,51,1098
09/16/2020,02/01/2020,09/12/2020,TX,Titus County,48449,17,232
09/16/2020,02/01/2020,09/12/2020,TX,Tom Green County,48451,62,837
09/16/2020,02/01/2020,09/12/2020,TX,Travis County,48453,449,4618
09/16/2020,02/01/2020,09/12/2020,TX,Uvalde County,48463,18,168
09/16/2020,02/01/2020,09/12/2020,TX,Val Verde County,48465,53,221
09/16/2020,02/01/2020,09/12/2020,TX,Victoria County,48469,139,781
09/16/2020,02/01/2020,09/12/2020,TX,Walker County,48471,26,299
09/16/2020,02/01/2020,09/12/2020,TX,Washington County,48477,35,219
09/16/2020,02/01/2020,09/12/2020,TX,Webb County,48479,201,1091
09/16/2020,02/01/2020,09/12/2020,TX,Wharton County,48481,25,226
09/16/2020,02/01/2020,09/12/2020,TX,Wichita County,48485,20,1002
09/16/2020,02/01/2020,09/12/2020,TX,Williamson County,48491,164,2302
09/16/2020,02/01/2020,09/12/2020,TX,Wilson County,48493,15,230
09/16/2020,02/01/2020,09/12/2020,TX,Wise County,48497,19,396
09/16/2020,02/01/2020,09/12/2020,UT,Davis County,49011,20,1188
09/16/2020,02/01/2020,09/12/2020,UT,Salt Lake County,49035,276,5060
09/16/2020,02/01/2020,09/12/2020,UT,San Juan County,49037,10,64
09/16/2020,02/01/2020,09/12/2020,UT,Utah County,49049,45,1766
09/16/2020,02/01/2020,09/12/2020,UT,Washington County,49053,36,1142
09/16/2020,02/01/2020,09/12/2020,UT,Weber County,49057,31,1278
09/16/2020,02/01/2020,09/12/2020,VT,Chittenden County,50007,49,1033
09/16/2020,02/01/2020,09/12/2020,VA,Accomack County,51001,20,282
09/16/2020,02/01/2020,09/12/2020,VA,Albemarle County,51003,37,696
09/16/2020,02/01/2020,09/12/2020,VA,Arlington County,51013,161,977
09/16/2020,02/01/2020,09/12/2020,VA,Augusta County,51015,12,576
09/16/2020,02/01/2020,09/12/2020,VA,Carroll County,51035,10,169
09/16/2020,02/01/2020,09/12/2020,VA,Chesterfield County,51041,74,1628
09/16/2020,02/01/2020,09/12/2020,VA,Culpeper County,51047,13,239
09/16/2020,02/01/2020,09/12/2020,VA,Fairfax County,51059,495,3676
09/16/2020,02/01/2020,09/12/2020,VA,Fauquier County,51061,12,331
09/16/2020,02/01/2020,09/12/2020,VA,Hanover County,51085,80,874
09/16/2020,02/01/2020,09/12/2020,VA,Henrico County,51087,176,2251
09/16/2020,02/01/2020,09/12/2020,VA,James City County,51095,11,448
09/16/2020,02/01/2020,09/12/2020,VA,Loudoun County,51107,128,1211
09/16/2020,02/01/2020,09/12/2020,VA,Mecklenburg County,51117,32,312
09/16/2020,02/01/2020,09/12/2020,VA,Northampton County,51131,15,90
09/16/2020,02/01/2020,09/12/2020,VA,Page County,51139,23,163
09/16/2020,02/01/2020,09/12/2020,VA,Patrick County,51141,13,121
09/16/2020,02/01/2020,09/12/2020,VA,Prince William County,51153,119,1177
09/16/2020,02/01/2020,09/12/2020,VA,Rockingham County,51165,48,568
09/16/2020,02/01/2020,09/12/2020,VA,Shenandoah County,51171,39,302
09/16/2020,02/01/2020,09/12/2020,VA,Southampton County,51175,11,87
09/16/2020,02/01/2020,09/12/2020,VA,Spotsylvania County,51177,24,503
09/16/2020,02/01/2020,09/12/2020,VA,York County,51199,18,328
09/16/2020,02/01/2020,09/12/2020,VA,Alexandria city,51510,92,604
09/16/2020,02/01/2020,09/12/2020,VA,Charlottesville city,51540,47,688
09/16/2020,02/01/2020,09/12/2020,VA,Chesapeake city,51550,49,1187
09/16/2020,02/01/2020,09/12/2020,VA,Danville city,51590,30,523
09/16/2020,02/01/2020,09/12/2020,VA,Emporia city,51595,15,75
09/16/2020,02/01/2020,09/12/2020,VA,Fredericksburg city,51630,42,558
09/16/2020,02/01/2020,09/12/2020,VA,Galax city,51640,35,134
09/16/2020,02/01/2020,09/12/2020,VA,Hampton city,51650,22,766
09/16/2020,02/01/2020,09/12/2020,VA,Harrisonburg city,51660,15,176
09/16/2020,02/01/2020,09/12/2020,VA,Hopewell city,51670,17,221
09/16/2020,02/01/2020,09/12/2020,VA,Lynchburg city,51680,48,991
09/16/2020,02/01/2020,09/12/2020,VA,Manassas city,51683,89,347
09/16/2020,02/01/2020,09/12/2020,VA,Martinsville city,51690,34,277
09/16/2020,02/01/2020,09/12/2020,VA,Newport News city,51700,56,1295
09/16/2020,02/01/2020,09/12/2020,VA,Norfolk city,51710,92,1781
09/16/2020,02/01/2020,09/12/2020,VA,Petersburg city,51730,68,525
09/16/2020,02/01/2020,09/12/2020,VA,Portsmouth city,51740,46,707
09/16/2020,02/01/2020,09/12/2020,VA,Richmond city,51760,87,1955
09/16/2020,02/01/2020,09/12/2020,VA,Roanoke city,51770,42,1482
09/16/2020,02/01/2020,09/12/2020,VA,Salem city,51775,28,571
09/16/2020,02/01/2020,09/12/2020,VA,Suffolk city,51800,74,633
09/16/2020,02/01/2020,09/12/2020,VA,Virginia Beach city,51810,68,2039
09/16/2020,02/01/2020,09/12/2020,VA,Winchester city,51840,30,712
09/16/2020,02/01/2020,09/12/2020,WA,Benton County,53005,144,1299
09/16/2020,02/01/2020,09/12/2020,WA,Chelan County,53007,23,610
09/16/2020,02/01/2020,09/12/2020,WA,Clark County,53011,54,2565
09/16/2020,02/01/2020,09/12/2020,WA,Franklin County,53021,27,216
09/16/2020,02/01/2020,09/12/2020,WA,Island County,53029,13,373
09/16/2020,02/01/2020,09/12/2020,WA,King County,53033,692,9186
09/16/2020,02/01/2020,09/12/2020,WA,Kitsap County,53035,10,1307
09/16/2020,02/01/2020,09/12/2020,WA,Kittitas County,53037,19,198
09/16/2020,02/01/2020,09/12/2020,WA,Pierce County,53053,155,4665
09/16/2020,02/01/2020,09/12/2020,WA,Skagit County,53057,18,783
09/16/2020,02/01/2020,09/12/2020,WA,Snohomish County,53061,160,3494
09/16/2020,02/01/2020,09/12/2020,WA,Spokane County,53063,143,3458
09/16/2020,02/01/2020,09/12/2020,WA,Thurston County,53067,19,1582
09/16/2020,02/01/2020,09/12/2020,WA,Whatcom County,53073,45,1148
09/16/2020,02/01/2020,09/12/2020,WA,Yakima County,53077,202,1463
09/16/2020,02/01/2020,09/12/2020,WV,Berkeley County,54003,11,584
09/16/2020,02/01/2020,09/12/2020,WV,Cabell County,54011,12,1216
09/16/2020,02/01/2020,09/12/2020,WV,Kanawha County,54039,50,1914
09/16/2020,02/01/2020,09/12/2020,WV,Logan County,54045,10,244
09/16/2020,02/01/2020,09/12/2020,WV,Mercer County,54055,20,478
09/16/2020,02/01/2020,09/12/2020,WV,Monongalia County,54061,22,1043
09/16/2020,02/01/2020,09/12/2020,WV,Ohio County,54069,17,595
09/16/2020,02/01/2020,09/12/2020,WV,Wayne County,54099,10,160
09/16/2020,02/01/2020,09/12/2020,WI,Brown County,55009,70,1693
09/16/2020,02/01/2020,09/12/2020,WI,Dane County,55025,58,2860
09/16/2020,02/01/2020,09/12/2020,WI,Fond du Lac County,55039,10,619
09/16/2020,02/01/2020,09/12/2020,WI,Grant County,55043,15,273
09/16/2020,02/01/2020,09/12/2020,WI,Kenosha County,55059,78,991
09/16/2020,02/01/2020,09/12/2020,WI,La Crosse County,55063,12,903
09/16/2020,02/01/2020,09/12/2020,WI,Marathon County,55073,16,934
09/16/2020,02/01/2020,09/12/2020,WI,Milwaukee County,55079,482,6473
09/16/2020,02/01/2020,09/12/2020,WI,Outagamie County,55087,29,1074
09/16/2020,02/01/2020,09/12/2020,WI,Ozaukee County,55089,53,731
09/16/2020,02/01/2020,09/12/2020,WI,Racine County,55101,72,1141
09/16/2020,02/01/2020,09/12/2020,WI,Rock County,55105,25,1089
09/16/2020,02/01/2020,09/12/2020,WI,Sheboygan County,55117,16,714
09/16/2020,02/01/2020,09/12/2020,WI,Walworth County,55127,28,539
09/16/2020,02/01/2020,09/12/2020,WI,Washington County,55131,13,658
09/16/2020,02/01/2020,09/12/2020,WI,Waukesha County,55133,75,2261
09/16/2020,02/01/2020,09/12/2020,WI,Waupaca County,55135,14,377
09/16/2020,02/01/2020,09/12/2020,WI,Winnebago County,55139,18,1061
